{"cameraMode":{"drawMode":0,"name":"Shaded","section":"Shading Mode"},"sceneLighting":false,"audioPlay":false,"sceneViewState":{"showFog":true,"showMaterialUpdate":false,"showSkybox":false,"showFlares":true,"showImageEffects":true,"showParticleSystems":true},"in2DMode":false,"pivot":{"x":19.93738555908203,"y":3.2317659854888918,"z":5.706058979034424},"rotation":{"x":0.1535262018442154,"y":-0.7385409474372864,"z":0.17955957353115083,"w":0.6314636468887329},"size":1.4519624710083008,"orthographic":true}