{"cameraMode":{"drawMode":0,"name":"Shaded","section":"Shading Mode"},"sceneLighting":false,"audioPlay":false,"sceneViewState":{"showFog":true,"showMaterialUpdate":false,"showSkybox":false,"showFlares":true,"showImageEffects":true,"showParticleSystems":true},"in2DMode":false,"pivot":{"x":0.3190000057220459,"y":-0.2070000171661377,"z":0.5899999737739563},"rotation":{"x":0.26974624395370486,"y":-0.5963388085365295,"z":0.22263473272323609,"w":0.7225343585014343},"size":0.21650634706020356,"orthographic":false}