{"cameraMode":{"drawMode":0,"name":"Shaded","section":"Shading Mode"},"sceneLighting":false,"audioPlay":false,"sceneViewState":{"showFog":true,"showMaterialUpdate":false,"showSkybox":false,"showFlares":true,"showImageEffects":true,"showParticleSystems":true},"in2DMode":false,"pivot":{"x":171.70855712890626,"y":1.4550049304962159,"z":-39.03339767456055},"rotation":{"x":-0.2953782081604004,"y":-0.47853371500968935,"z":0.17489458620548249,"w":-0.8081924915313721},"size":3.619048595428467,"orthographic":false}