{"cameraMode":{"drawMode":0,"name":"Shaded","section":"Shading Mode"},"sceneLighting":false,"audioPlay":false,"sceneViewState":{"showFog":true,"showMaterialUpdate":false,"showSkybox":false,"showFlares":true,"showImageEffects":true,"showParticleSystems":true},"in2DMode":false,"pivot":{"x":160.41409301757813,"y":9.282999992370606,"z":-40.93000030517578},"rotation":{"x":-0.2953782081604004,"y":-0.47853371500968935,"z":0.17489458620548249,"w":-0.8081924915313721},"size":5.9617204666137699,"orthographic":false}